{"cameraMode":{"drawMode":0,"name":"Shaded","section":"Shading Mode"},"sceneLighting":false,"audioPlay":false,"sceneViewState":{"showFog":true,"showMaterialUpdate":false,"showSkybox":false,"showFlares":true,"showImageEffects":true,"showParticleSystems":true},"in2DMode":false,"pivot":{"x":4.478098392486572,"y":-9.097155570983887,"z":9.018498420715332},"rotation":{"x":0.2438037246465683,"y":0.013402791693806649,"z":-0.0033294192980974914,"w":0.9697263240814209},"size":24.467113494873048,"orthographic":false}