{"cameraMode":{"drawMode":0,"name":"Shaded","section":"Shading Mode"},"sceneLighting":false,"audioPlay":false,"sceneViewState":{"showFog":true,"showMaterialUpdate":false,"showSkybox":true,"showFlares":true,"showImageEffects":true,"showParticleSystems":true},"in2DMode":false,"pivot":{"x":-0.26419949531555178,"y":1.4634044170379639,"z":0.4058709144592285},"rotation":{"x":-0.0015931030502542854,"y":0.8765212893486023,"z":-0.002901399740949273,"w":-0.4813518524169922},"size":3.303457021713257,"orthographic":false}