{"cameraMode":{"drawMode":0,"name":"Shaded","section":"Shading Mode"},"sceneLighting":false,"audioPlay":false,"sceneViewState":{"showFog":true,"showMaterialUpdate":false,"showSkybox":true,"showFlares":true,"showImageEffects":true,"showParticleSystems":true},"in2DMode":false,"pivot":{"x":-6.6615095138549809,"y":-1.4899377822875977,"z":138.24044799804688},"rotation":{"x":-0.02733546495437622,"y":0.9709180593490601,"z":-0.19510675966739655,"w":-0.1360306441783905},"size":29.90084457397461,"orthographic":false}