{"cameraMode":{"drawMode":0,"name":"Shaded","section":"Shading Mode"},"sceneLighting":false,"audioPlay":false,"sceneViewState":{"showFog":true,"showMaterialUpdate":false,"showSkybox":false,"showFlares":true,"showImageEffects":true,"showParticleSystems":true},"in2DMode":false,"pivot":{"x":-0.17799633741378785,"y":-5.653090476989746,"z":10.996673583984375},"rotation":{"x":0.21461142599582673,"y":-0.011408439837396145,"z":0.002546929055824876,"w":0.9766295552253723},"size":18.891868591308595,"orthographic":false}