{"cameraMode":{"drawMode":0,"name":"Shaded","section":"Shading Mode"},"sceneLighting":false,"audioPlay":false,"sceneViewState":{"showFog":true,"showMaterialUpdate":false,"showSkybox":false,"showFlares":true,"showImageEffects":true,"showParticleSystems":true},"in2DMode":false,"pivot":{"x":7.144466400146484,"y":1.8736820220947266,"z":-0.3556938171386719},"rotation":{"x":0.204850971698761,"y":0.09525658190250397,"z":-0.02003428339958191,"w":0.973940908908844},"size":26.70766830444336,"orthographic":false}