{"cameraMode":{"drawMode":0,"name":"Shaded","section":"Shading Mode"},"sceneLighting":false,"audioPlay":false,"sceneViewState":{"showFog":true,"showMaterialUpdate":false,"showSkybox":false,"showFlares":true,"showImageEffects":true,"showParticleSystems":true},"in2DMode":false,"pivot":{"x":4.232365608215332,"y":-4.463045597076416,"z":12.003162384033204},"rotation":{"x":0.1779506653547287,"y":0.24539779126644135,"z":-0.04583687335252762,"w":0.9518468379974365},"size":22.434680938720704,"orthographic":false}