{"cameraMode":{"drawMode":0,"name":"Shaded","section":"Shading Mode"},"sceneLighting":false,"audioPlay":false,"sceneViewState":{"showFog":true,"showMaterialUpdate":false,"showSkybox":false,"showFlares":true,"showImageEffects":true,"showParticleSystems":true},"in2DMode":false,"pivot":{"x":11.094527244567871,"y":0.5163214206695557,"z":15.173742294311524},"rotation":{"x":-0.01965094543993473,"y":-0.9790624976158142,"z":0.16636066138744355,"w":-0.11564824730157852},"size":22.44622802734375,"orthographic":false}