{"cameraMode":{"drawMode":0,"name":"Shaded","section":"Shading Mode"},"sceneLighting":false,"audioPlay":false,"sceneViewState":{"showFog":true,"showMaterialUpdate":false,"showSkybox":true,"showFlares":true,"showImageEffects":true,"showParticleSystems":true},"in2DMode":false,"pivot":{"x":-60.738136291503909,"y":5.459840297698975,"z":-31.298179626464845},"rotation":{"x":-0.0015931030502542854,"y":0.8765212893486023,"z":-0.002901399740949273,"w":-0.4813518524169922},"size":96.64340209960938,"orthographic":false}