{"cameraMode":{"drawMode":0,"name":"Shaded","section":"Shading Mode"},"sceneLighting":false,"audioPlay":false,"sceneViewState":{"showFog":true,"showMaterialUpdate":false,"showSkybox":false,"showFlares":true,"showImageEffects":true,"showParticleSystems":true},"in2DMode":false,"pivot":{"x":-0.22934380173683167,"y":8.448802947998047,"z":-0.6429128646850586},"rotation":{"x":0.06475076079368592,"y":0.020949222147464753,"z":-0.001358521287329495,"w":0.9976806044578552},"size":31.677593231201173,"orthographic":false}