{"cameraMode":{"drawMode":0,"name":"Shaded","section":"Shading Mode"},"sceneLighting":false,"audioPlay":false,"sceneViewState":{"showFog":true,"showMaterialUpdate":false,"showSkybox":false,"showFlares":true,"showImageEffects":true,"showParticleSystems":true},"in2DMode":false,"pivot":{"x":-0.9236710071563721,"y":0.8484768867492676,"z":1.6806728839874268},"rotation":{"x":0.16899213194847108,"y":0.005908801686018705,"z":-0.0010118274949491025,"w":0.9855992197990418},"size":19.22127342224121,"orthographic":false}