{"cameraMode":{"drawMode":0,"name":"Shaded","section":"Shading Mode"},"sceneLighting":false,"audioPlay":false,"sceneViewState":{"showFog":true,"showMaterialUpdate":false,"showSkybox":false,"showFlares":true,"showImageEffects":true,"showParticleSystems":true},"in2DMode":false,"pivot":{"x":-8.095694541931153,"y":-17.32474708557129,"z":28.884429931640626},"rotation":{"x":0.16455845534801484,"y":-0.000005734601472795475,"z":-5.502916451405326e-7,"w":0.986367404460907},"size":60.60908126831055,"orthographic":false}