{"cameraMode":{"drawMode":0,"name":"Shaded","section":"Shading Mode"},"sceneLighting":false,"audioPlay":false,"sceneViewState":{"showFog":true,"showMaterialUpdate":false,"showSkybox":true,"showFlares":true,"showImageEffects":true,"showParticleSystems":true},"in2DMode":false,"pivot":{"x":3.5432956218719484,"y":1.6080936193466187,"z":8.983930587768555},"rotation":{"x":-0.13460944592952729,"y":-0.06475886702537537,"z":0.008816290646791458,"w":-0.9887410402297974},"size":18.168636322021486,"orthographic":false}