{"cameraMode":{"drawMode":0,"name":"Shaded","section":"Shading Mode"},"sceneLighting":false,"audioPlay":false,"sceneViewState":{"showFog":true,"showMaterialUpdate":false,"showSkybox":false,"showFlares":true,"showImageEffects":true,"showParticleSystems":true},"in2DMode":false,"pivot":{"x":-0.6770990490913391,"y":1.213533639907837,"z":2.1345748901367189},"rotation":{"x":0.17711512744426728,"y":-0.0899181216955185,"z":0.01625421643257141,"w":0.9799392223358154},"size":19.521995544433595,"orthographic":false}