{"cameraMode":{"drawMode":0,"name":"Shaded","section":"Shading Mode"},"sceneLighting":false,"audioPlay":false,"sceneViewState":{"showFog":true,"showMaterialUpdate":false,"showSkybox":true,"showFlares":true,"showImageEffects":true,"showParticleSystems":true},"in2DMode":false,"pivot":{"x":-6.6615095138549809,"y":-1.4899377822875977,"z":138.24044799804688},"rotation":{"x":-0.10492420196533203,"y":0.7405259013175964,"z":-0.11898110061883927,"w":-0.6530358195304871},"size":1899.165771484375,"orthographic":false}