{"cameraMode":{"drawMode":0,"name":"Shaded","section":"Shading Mode"},"sceneLighting":false,"audioPlay":false,"sceneViewState":{"showFog":true,"showMaterialUpdate":false,"showSkybox":false,"showFlares":true,"showImageEffects":true,"showParticleSystems":true},"in2DMode":false,"pivot":{"x":-0.0031423568725585939,"y":0.07055816054344177,"z":0.000001430511474609375},"rotation":{"x":0.16597071290016175,"y":0.02809826284646988,"z":-0.004728714004158974,"w":0.9857189655303955},"size":20.137439727783204,"orthographic":false}