{"cameraMode":{"drawMode":0,"name":"Shaded","section":"Shading Mode"},"sceneLighting":false,"audioPlay":false,"sceneViewState":{"showFog":true,"showMaterialUpdate":false,"showSkybox":true,"showFlares":true,"showImageEffects":true,"showParticleSystems":true},"in2DMode":false,"pivot":{"x":-0.008397102355957032,"y":-21.639314651489259,"z":42.930198669433597},"rotation":{"x":-0.1600751280784607,"y":0.022796589881181718,"z":-0.003698298940435052,"w":-0.9868346452713013},"size":120.91619873046875,"orthographic":false}