{"cameraMode":{"drawMode":0,"name":"Shaded","section":"Shading Mode"},"sceneLighting":false,"audioPlay":false,"sceneViewState":{"showFog":true,"showMaterialUpdate":false,"showSkybox":false,"showFlares":true,"showImageEffects":true,"showParticleSystems":true},"in2DMode":false,"pivot":{"x":-2.6041059494018556,"y":4.7892842292785648,"z":-5.392005443572998},"rotation":{"x":-0.1742076277732849,"y":-0.08790701627731323,"z":0.015616470947861672,"w":-0.9806529879570007},"size":23.675596237182618,"orthographic":false}