{"cameraMode":{"drawMode":0,"name":"Shaded","section":"Shading Mode"},"sceneLighting":false,"audioPlay":false,"sceneViewState":{"showFog":true,"showMaterialUpdate":false,"showSkybox":false,"showFlares":true,"showImageEffects":true,"showParticleSystems":true},"in2DMode":false,"pivot":{"x":0.554011344909668,"y":-14.707435607910157,"z":19.53304672241211},"rotation":{"x":0.2857710123062134,"y":-0.21021944284439088,"z":0.06445088237524033,"w":0.9327319264411926},"size":46.73041915893555,"orthographic":false}