{"cameraMode":{"drawMode":0,"name":"Shaded","section":"Shading Mode"},"sceneLighting":false,"audioPlay":false,"sceneViewState":{"showFog":true,"showMaterialUpdate":false,"showSkybox":false,"showFlares":true,"showImageEffects":true,"showParticleSystems":true},"in2DMode":false,"pivot":{"x":-4.329331874847412,"y":2.247439384460449,"z":5.010385513305664},"rotation":{"x":-0.14518006145954133,"y":0.03916705399751663,"z":-0.005751414690166712,"w":-0.9886130690574646},"size":38.04498291015625,"orthographic":false}