{"cameraMode":{"drawMode":0,"name":"Shaded","section":"Shading Mode"},"sceneLighting":false,"audioPlay":false,"sceneViewState":{"showFog":true,"showMaterialUpdate":false,"showSkybox":false,"showFlares":true,"showImageEffects":true,"showParticleSystems":true},"in2DMode":false,"pivot":{"x":10.539802551269532,"y":-0.372222900390625,"z":7.485267639160156},"rotation":{"x":0.13337285816669465,"y":-0.02378823608160019,"z":0.0032032853923738004,"w":0.9907752275466919},"size":35.68552780151367,"orthographic":false}