{"cameraMode":{"drawMode":0,"name":"Shaded","section":"Shading Mode"},"sceneLighting":false,"audioPlay":false,"sceneViewState":{"showFog":true,"showMaterialUpdate":false,"showSkybox":true,"showFlares":true,"showImageEffects":true,"showParticleSystems":true},"in2DMode":false,"pivot":{"x":-0.6281090974807739,"y":-0.03565220534801483,"z":91.21537780761719},"rotation":{"x":-0.18868568539619447,"y":0.09909333288669586,"z":-0.019140586256980897,"w":-0.976837694644928},"size":8.088842391967774,"orthographic":false}