{"cameraMode":{"drawMode":0,"name":"Shaded","section":"Shading Mode"},"sceneLighting":false,"audioPlay":false,"sceneViewState":{"showFog":true,"showMaterialUpdate":false,"showSkybox":true,"showFlares":true,"showImageEffects":true,"showParticleSystems":true},"in2DMode":false,"pivot":{"x":3.2139992713928224,"y":-6.472261428833008,"z":91.73644256591797},"rotation":{"x":-0.12656888365745545,"y":-0.2795586884021759,"z":0.037205956876277927,"w":-0.9510220289230347},"size":757.2760620117188,"orthographic":false}