{"cameraMode":{"drawMode":0,"name":"Shaded","section":"Shading Mode"},"sceneLighting":false,"audioPlay":false,"sceneViewState":{"showFog":true,"showMaterialUpdate":false,"showSkybox":false,"showFlares":true,"showImageEffects":true,"showParticleSystems":true},"in2DMode":false,"pivot":{"x":-0.0031423568725585939,"y":0.07055816054344177,"z":0.000001430511474609375},"rotation":{"x":0.2067786157131195,"y":-0.1345338374376297,"z":0.028720829635858537,"w":0.9686684012413025},"size":19.336313247680665,"orthographic":false}