{"cameraMode":{"drawMode":0,"name":"Shaded","section":"Shading Mode"},"sceneLighting":false,"audioPlay":false,"sceneViewState":{"showFog":true,"showMaterialUpdate":false,"showSkybox":false,"showFlares":true,"showImageEffects":true,"showParticleSystems":true},"in2DMode":false,"pivot":{"x":2.0580456256866457,"y":3.5315628051757814,"z":9.399948120117188},"rotation":{"x":0.13783524930477143,"y":0.02227877825498581,"z":-0.0030974072869867088,"w":0.9901997447013855},"size":21.810504913330079,"orthographic":false}